{"SystemContext":{"14fm4f4":{"x":2003.3348518984822,"y":241.86133680745627},"14plq43":{"x":2476.3399322293926,"y":244.59821259269154},"14zlbt2":{"x":2736.7024792771113,"y":793.852040072419},"159kxi1":{"x":2737.631324863108,"y":1323.2806415208174},"15tk4vz":{"x":574.8291622131244,"y":237.70803643837752},"163jqky":{"x":1046.9837491508706,"y":241.5582973837889},"16djc9x":{"x":1504.7881174204226,"y":245.19838527663768},"17rhcqs":{"x":2453.135227666788,"y":1821.3414763959354},"181gyfr":{"x":1836.4088503401708,"y":1816.057778022873},"1mf4fhg":{"x":329.1562988505294,"y":765.0630598432717},"1mp416f":{"x":330.1961748540052,"y":1276.851803676052},"1mz3mve":{"x":547.7653661528783,"y":1818.0208915646112},"1n938kd":{"x":1209.053099909411,"y":1817.1735275595934},"1qbyk9e":{"x":1514.1359246632694,"y":943.5224778579358}}}