{"SystemContext":{"e-ugygaj":[{"x":300,"y":300},{"x":300,"y":800}],"fphk5f":{"x":646.9350949098238,"y":247.16987234597093},"fzh5ue":{"x":646.9350949098238,"y":621.7069281482851},"g9grjd":{"x":1254.1002196445277,"y":624.663019385086},"ucih59":{"x":646.9350949098238,"y":1158.7630678895812}}}