{"SystemContext":{"fphk5f":{"x":502.26235588054885,"y":254.58277713818404},"fzh5ue":{"x":494.026216881564,"y":629.1198329404981},"g9grjd":{"x":919.2105186019461,"y":445.30278762558953},"ucih59":{"x":489.41086807529484,"y":1166.1759726817943},"v-1vx4bg9-0":{"x":148.673350195608,"y":362.3417986863668},"v-1vx4bg9-1":{"x":148.673350195608,"y":862.3417986863668}}}