{"SystemContext":{"e-1vx4bg9":[{"x":300,"y":300},{"x":300,"y":800}],"fphk5f":{"x":659.7865827150778,"y":247.16987234597093},"fzh5ue":{"x":651.5504437160929,"y":621.706928148285},"g9grjd":{"x":1076.734745436475,"y":437.8898828333764},"ucih59":{"x":646.9350949098238,"y":1158.7630678895812}}}