{"SystemContext":{"fphk5f":{"x":1131.4430954884738,"y":242.8215632092131},"fzh5ue":{"x":1213.6388853638312,"y":766.515497673164},"ucih59":{"x":384.9452005729482,"y":835.0496188293407}}}