{"SystemContext":{"fphk5f":{"x":656.2973789551146,"y":237.3596370991742},"fzh5ue":{"x":648.0612399561296,"y":611.8966929014883},"g9grjd":{"x":1073.245541676512,"y":428.0796475865797},"ucih59":{"x":643.4458911498605,"y":1148.9528326427842}}}