{
  "Components": {
    "11kj53l": {
      "x": 1596.5491079817027,
      "y": 950.9669353128886
    },
    "15o55d9": {
      "x": 265.7023341743573,
      "y": 954.2572092999188
    },
    "1hfi68p": {
      "x": 261.04362489149975,
      "y": 1283.9524457340424
    },
    "1njagt4": {
      "x": 1594.8461550212464,
      "y": 1288.1969674005459
    },
    "1olxg1c": {
      "x": 1590.784198208602,
      "y": 612.4401417515865
    },
    "1qm4oey": {
      "x": 1118.1451334807587,
      "y": 192.5904352570644
    },
    "ay5wb5": {
      "x": 945.3671456159877,
      "y": 1270.2460724859745
    },
    "do2bvv": {
      "x": 945.2224675774833,
      "y": 945.2955331015629
    },
    "hd9fd5": {
      "x": 807.5159305644356,
      "y": 191.0893871761279
    },
    "jdi4s4": {
      "x": 948.2691929908412,
      "y": 622.5406891574396
    },
    "sks1g4": {
      "x": 267.2210049931528,
      "y": 624.1553832371161
    }
  },
  "Containers": {
    "1a44kjx": {
      "x": 949.1109620730406,
      "y": 154.49170594273608
    },
    "1hfi68p": {
      "x": 229.42723802613912,
      "y": 1254.0520673207977
    },
    "1njagt4": {
      "x": 2074.0651098667267,
      "y": 1271.5822134595332
    },
    "1qm4oey": {
      "x": 233.46725973794676,
      "y": 737.6778529958701
    },
    "1rhkirw": {
      "x": 905.8717684401352,
      "y": 733.2362818997086
    },
    "ay5wb5": {
      "x": 2056.8158776060086,
      "y": 740.3815976828853
    },
    "hd9fd5": {
      "x": 1476.392982873835,
      "y": 731.464973950552
    },
    "uu8ny2": {
      "x": 1480.2172434568556,
      "y": 1275.0158471255827
    }
  },
  "DevelopmentDeployment": {
    "144pryr": {
      "x": 1184.5998314965739,
      "y": 583.9016731967849
    },
    "16l1tmw": {
      "x": 1186.073293706343,
      "y": 268.0378803848122
    },
    "1echf4l": {
      "x": 196.2275520324854,
      "y": 177.64737476313292
    },
    "1io29d4": {
      "x": 1803.9328924813683,
      "y": 293.34428998482065
    }
  },
  "LiveDeployment": {
    "1drz7sz": {
      "x": 1726.4641182835253,
      "y": 702.413319347758
    },
    "1iy36nc": {
      "x": 1038.4544306466573,
      "y": 291.07280602889637
    },
    "1kb17li": {
      "x": 355.13150861644084,
      "y": 245.52383803088605
    },
    "5fensq": {
      "x": 1731.3511023750038,
      "y": 255.46814681727824
    },
    "sf7s62": {
      "x": 359.0947314188105,
      "y": 782.9693251929668
    },
    "xg5rs9": {
      "x": 1039.54496256825,
      "y": 803.2569324150502
    }
  },
  "SignIn": {
    "15o55d9": {
      "x": 1271,
      "y": 308
    },
    "1hfi68p": {
      "x": 1829.428184393335,
      "y": 304.1773665935631
    },
    "1qm4oey": {
      "x": 284.97551626459705,
      "y": 312.08868329678154
    },
    "sks1g4": {
      "x": 788.6207830774708,
      "y": 313.1528828581602
    }
  },
  "SystemLandscape": {
    "1a44kjx": {
      "x": 313.8988809038172,
      "y": 181.74720225954295
    },
    "1mmpe00": {
      "x": 1673.2322127139207,
      "y": 170.74720345163578
    },
    "1njagt4": {
      "x": 1675.5655427358852,
      "y": 1041.413841640529
    },
    "23ylt4": {
      "x": 2314.898841366071,
      "y": 1046.080523738175
    },
    "ay5wb5": {
      "x": 317.8988852748243,
      "y": 1050.0805179763931
    },
    "gsdtx7": {
      "x": 1062.5655453187528,
      "y": 1046.7471806031895
    },
    "o14fz3": {
      "x": 1051.1485244315527,
      "y": 429.6853416129542
    }
  }
}